firm_id,year,industry,ai_index,verification,ceo_span,size_ln_assets
FIRM_0001,2022,Tech,0.333,0,15.0,6.67
FIRM_0001,2023,Tech,0.772,0,19.1,7.19
FIRM_0001,2024,Finance,0.375,0,22.6,7.18
FIRM_0001,2025,Retail,0.877,0,21.1,8.26
FIRM_0002,2022,Tech,0.866,1,24.2,8.56
FIRM_0002,2023,Healthcare,0.815,1,7.5,8.45
FIRM_0002,2024,Finance,0.408,1,7.9,6.73
FIRM_0002,2025,Finance,0.66,1,11.7,9.77
FIRM_0003,2022,Retail,0.307,0,7.7,5.19
FIRM_0003,2023,Retail,0.337,1,9.8,4.89
FIRM_0003,2024,Manufacturing,0.748,1,18.3,12.04
FIRM_0003,2025,Finance,0.837,0,15.4,6.07
FIRM_0004,2022,Manufacturing,0.801,1,19.0,6.35
FIRM_0004,2023,Finance,0.705,0,13.4,10.26
FIRM_0004,2024,Retail,0.966,0,9.8,10.73
FIRM_0004,2025,Energy,0.597,1,7.0,8.43
FIRM_0005,2022,Retail,0.499,1,18.6,7.71
FIRM_0005,2023,Tech,0.52,0,15.3,9.63
FIRM_0005,2024,Finance,0.276,1,11.1,6.88
FIRM_0005,2025,Finance,0.756,1,16.4,7.6
FIRM_0006,2022,Healthcare,0.313,0,9.5,7.02
FIRM_0006,2023,Tech,0.591,1,10.2,11.05
FIRM_0006,2024,Finance,0.674,0,16.4,8.66
FIRM_0006,2025,Tech,0.808,1,19.9,10.61
FIRM_0007,2022,Healthcare,0.198,0,22.5,9.42
FIRM_0007,2023,Manufacturing,0.172,1,15.7,7.48
FIRM_0007,2024,Energy,0.59,0,14.0,8.15
FIRM_0007,2025,Tech,0.562,1,10.9,7.99
FIRM_0008,2022,Energy,0.122,0,16.5,8.53
FIRM_0008,2023,Energy,0.393,1,10.9,11.02
FIRM_0008,2024,Energy,0.512,1,8.2,8.08
FIRM_0008,2025,Retail,0.589,1,16.6,7.86
FIRM_0009,2022,Healthcare,0.252,1,9.5,8.63
FIRM_0009,2023,Energy,0.506,1,7.3,9.12
FIRM_0009,2024,Healthcare,0.581,1,13.3,8.5
FIRM_0009,2025,Manufacturing,0.301,0,6.0,6.35
FIRM_0010,2022,Manufacturing,0.174,0,20.5,6.51
FIRM_0010,2023,Manufacturing,0.439,0,10.8,5.42
FIRM_0010,2024,Retail,0.366,1,11.3,9.37
FIRM_0010,2025,Energy,0.81,0,19.7,6.24
FIRM_0011,2022,Manufacturing,0.138,0,15.0,5.09
FIRM_0011,2023,Retail,0.05,0,10.2,9.17
FIRM_0011,2024,Tech,0.541,1,19.4,8.28
FIRM_0011,2025,Tech,0.783,1,17.2,9.92
FIRM_0012,2022,Retail,0.632,1,12.3,3.71
FIRM_0012,2023,Energy,0.382,0,12.3,9.34
FIRM_0012,2024,Retail,0.53,1,15.9,8.44
FIRM_0012,2025,Manufacturing,0.851,1,11.8,7.85
FIRM_0013,2022,Healthcare,0.437,1,13.9,9.61
FIRM_0013,2023,Energy,0.342,1,11.9,10.47
FIRM_0013,2024,Tech,0.678,1,23.7,7.39
FIRM_0013,2025,Manufacturing,0.555,1,15.2,6.6
FIRM_0014,2022,Healthcare,0.087,0,13.5,8.12
FIRM_0014,2023,Energy,0.356,1,18.1,9.21
FIRM_0014,2024,Energy,0.809,0,14.7,11.11
FIRM_0014,2025,Finance,0.429,0,12.2,9.16
FIRM_0015,2022,Tech,0.221,0,15.9,10.36
FIRM_0015,2023,Healthcare,0.764,1,16.9,9.42
FIRM_0015,2024,Healthcare,0.527,1,11.1,8.76
FIRM_0015,2025,Tech,0.587,1,15.6,9.0
FIRM_0016,2022,Retail,0.276,0,10.9,7.76
FIRM_0016,2023,Tech,0.523,1,8.2,10.3
FIRM_0016,2024,Tech,0.594,1,19.8,8.04
FIRM_0016,2025,Manufacturing,0.537,1,15.6,9.57
FIRM_0017,2022,Healthcare,0.607,1,17.4,10.05
FIRM_0017,2023,Energy,0.243,1,21.2,7.4
FIRM_0017,2024,Finance,0.453,1,9.3,5.94
FIRM_0017,2025,Retail,0.567,1,10.6,9.36
FIRM_0018,2022,Tech,0.182,1,13.4,10.2
FIRM_0018,2023,Healthcare,0.168,1,14.5,8.27
FIRM_0018,2024,Manufacturing,0.774,1,12.2,7.57
FIRM_0018,2025,Energy,0.619,0,5.2,7.27
FIRM_0019,2022,Retail,0.717,0,11.5,9.29
FIRM_0019,2023,Tech,0.255,1,13.9,8.5
FIRM_0019,2024,Tech,0.496,0,11.6,7.49
FIRM_0019,2025,Retail,0.581,0,15.7,7.36
FIRM_0020,2022,Healthcare,0.063,0,17.1,9.08
FIRM_0020,2023,Finance,0.606,0,12.4,9.04
FIRM_0020,2024,Tech,0.591,0,12.3,11.6
FIRM_0020,2025,Energy,0.388,0,12.1,6.86
FIRM_0021,2022,Tech,0.611,0,13.4,8.82
FIRM_0021,2023,Tech,0.848,0,19.7,12.85
FIRM_0021,2024,Manufacturing,0.452,0,14.0,8.82
FIRM_0021,2025,Finance,0.489,1,8.0,7.2
FIRM_0022,2022,Finance,0.078,1,10.6,8.55
FIRM_0022,2023,Finance,0.501,1,11.0,7.85
FIRM_0022,2024,Energy,0.428,0,12.5,6.53
FIRM_0022,2025,Retail,0.517,0,16.9,12.52
FIRM_0023,2022,Healthcare,0.046,0,9.9,11.57
FIRM_0023,2023,Finance,0.256,1,16.7,6.5
FIRM_0023,2024,Healthcare,0.453,1,15.8,11.52
FIRM_0023,2025,Manufacturing,0.404,0,8.7,9.78
FIRM_0024,2022,Tech,0.501,1,16.8,12.65
FIRM_0024,2023,Healthcare,0.476,0,15.2,10.49
FIRM_0024,2024,Manufacturing,0.672,0,18.8,9.87
FIRM_0024,2025,Healthcare,0.713,0,9.7,8.57
FIRM_0025,2022,Finance,0.587,1,17.3,10.6
FIRM_0025,2023,Energy,0.581,0,17.2,8.75
FIRM_0025,2024,Finance,0.622,1,15.0,8.76
FIRM_0025,2025,Healthcare,0.806,0,6.3,8.87
FIRM_0026,2022,Healthcare,0.944,1,14.1,5.2
FIRM_0026,2023,Energy,0.43,1,8.7,8.02
FIRM_0026,2024,Retail,0.431,1,11.2,10.0
FIRM_0026,2025,Manufacturing,0.868,1,8.7,5.37
FIRM_0027,2022,Energy,0.248,1,7.4,6.36
FIRM_0027,2023,Healthcare,0.674,1,10.6,6.99
FIRM_0027,2024,Retail,0.831,0,14.9,5.74
FIRM_0027,2025,Finance,0.69,0,13.5,5.03
FIRM_0028,2022,Tech,0.098,0,8.5,7.32
FIRM_0028,2023,Finance,0.436,0,9.5,7.29
FIRM_0028,2024,Tech,0.297,0,16.6,8.42
FIRM_0028,2025,Finance,0.756,1,14.8,8.82
FIRM_0029,2022,Retail,0.333,0,7.4,11.27
FIRM_0029,2023,Manufacturing,0.33,0,8.3,7.7
FIRM_0029,2024,Retail,0.616,0,12.5,11.45
FIRM_0029,2025,Healthcare,0.807,0,17.0,8.01
FIRM_0030,2022,Healthcare,0.633,1,16.2,8.2
FIRM_0030,2023,Healthcare,0.568,0,20.0,9.01
FIRM_0030,2024,Healthcare,0.352,1,14.2,10.41
FIRM_0030,2025,Finance,0.614,1,10.8,8.73
FIRM_0031,2022,Finance,0.57,1,6.6,8.85
FIRM_0031,2023,Finance,0.645,0,19.0,7.83
FIRM_0031,2024,Finance,0.291,0,10.0,9.19
FIRM_0031,2025,Manufacturing,0.694,1,8.6,7.8
FIRM_0032,2022,Healthcare,0.555,1,7.0,5.45
FIRM_0032,2023,Tech,0.894,1,15.0,9.7
FIRM_0032,2024,Healthcare,0.615,1,18.0,9.47
FIRM_0032,2025,Manufacturing,0.761,1,6.4,9.47
FIRM_0033,2022,Tech,0.36,1,18.1,8.83
FIRM_0033,2023,Healthcare,0.497,1,5.6,11.6
FIRM_0033,2024,Retail,0.676,1,12.4,7.05
FIRM_0033,2025,Tech,0.771,1,18.6,10.23
FIRM_0034,2022,Energy,0.577,0,16.1,7.68
FIRM_0034,2023,Tech,0.539,0,15.4,8.42
FIRM_0034,2024,Healthcare,0.5,0,12.3,8.11
FIRM_0034,2025,Healthcare,0.46,1,18.6,6.91
FIRM_0035,2022,Tech,0.391,1,16.8,7.36
FIRM_0035,2023,Energy,0.517,0,16.9,6.17
FIRM_0035,2024,Energy,0.547,1,16.0,8.55
FIRM_0035,2025,Energy,0.18,1,16.3,9.4
FIRM_0036,2022,Energy,0.857,0,8.4,7.77
FIRM_0036,2023,Manufacturing,0.594,0,15.7,9.08
FIRM_0036,2024,Energy,0.808,1,17.4,7.63
FIRM_0036,2025,Energy,0.731,1,15.8,10.55
FIRM_0037,2022,Tech,0.225,0,9.2,7.47
FIRM_0037,2023,Tech,0.553,0,7.5,8.16
FIRM_0037,2024,Healthcare,0.277,0,10.8,9.46
FIRM_0037,2025,Tech,0.56,1,14.1,8.71
FIRM_0038,2022,Manufacturing,0.515,0,9.9,9.34
FIRM_0038,2023,Manufacturing,0.614,1,14.1,8.78
FIRM_0038,2024,Tech,0.388,1,7.3,9.03
FIRM_0038,2025,Healthcare,0.857,1,11.9,7.86
FIRM_0039,2022,Finance,0.369,1,13.9,9.04
FIRM_0039,2023,Healthcare,0.557,1,6.2,8.18
FIRM_0039,2024,Retail,0.557,1,16.9,8.3
FIRM_0039,2025,Energy,0.618,1,10.3,6.27
FIRM_0040,2022,Tech,0.345,0,13.5,6.7
FIRM_0040,2023,Healthcare,0.552,0,14.1,10.4
FIRM_0040,2024,Energy,0.563,0,16.0,10.44
FIRM_0040,2025,Tech,0.531,1,12.1,5.57
FIRM_0041,2022,Manufacturing,0.228,1,12.8,9.78
FIRM_0041,2023,Tech,0.428,1,17.6,8.12
FIRM_0041,2024,Energy,0.463,0,12.4,7.88
FIRM_0041,2025,Finance,0.854,0,14.7,7.72
FIRM_0042,2022,Tech,0.12,0,12.4,7.94
FIRM_0042,2023,Finance,0.385,1,19.8,6.63
FIRM_0042,2024,Energy,0.623,1,18.5,7.67
FIRM_0042,2025,Retail,0.39,1,14.7,10.21
FIRM_0043,2022,Retail,0.38,0,14.3,5.97
FIRM_0043,2023,Finance,0.369,1,11.2,7.82
FIRM_0043,2024,Finance,0.236,1,12.6,9.1
FIRM_0043,2025,Healthcare,0.819,0,14.0,10.49
FIRM_0044,2022,Healthcare,0.242,1,17.4,6.92
FIRM_0044,2023,Retail,0.308,1,6.2,9.89
FIRM_0044,2024,Manufacturing,0.813,1,18.8,9.99
FIRM_0044,2025,Retail,0.706,0,16.0,10.07
FIRM_0045,2022,Tech,0.698,1,15.7,7.45
FIRM_0045,2023,Healthcare,0.601,0,15.4,6.92
FIRM_0045,2024,Energy,0.581,0,15.6,9.54
FIRM_0045,2025,Healthcare,0.871,1,8.0,7.11
FIRM_0046,2022,Manufacturing,0.201,1,14.3,7.45
FIRM_0046,2023,Retail,0.634,0,16.7,8.03
FIRM_0046,2024,Healthcare,0.261,1,17.9,8.14
FIRM_0046,2025,Finance,0.814,0,8.0,7.89
FIRM_0047,2022,Energy,0.063,0,9.8,6.89
FIRM_0047,2023,Healthcare,0.192,0,11.6,10.91
FIRM_0047,2024,Tech,0.496,1,16.3,7.6
FIRM_0047,2025,Finance,0.373,0,13.9,4.93
FIRM_0048,2022,Retail,0.233,0,14.5,7.82
FIRM_0048,2023,Retail,0.592,1,5.0,8.04
FIRM_0048,2024,Retail,0.742,1,18.9,10.13
FIRM_0048,2025,Finance,0.739,0,12.1,12.0
FIRM_0049,2022,Retail,0.554,0,19.1,7.8
FIRM_0049,2023,Finance,0.663,1,16.0,6.79
FIRM_0049,2024,Healthcare,0.376,0,14.3,9.56
FIRM_0049,2025,Healthcare,0.85,1,17.0,7.16
FIRM_0050,2022,Manufacturing,0.487,1,15.5,10.17
FIRM_0050,2023,Tech,0.581,0,10.7,8.21
FIRM_0050,2024,Energy,0.358,1,10.2,9.43
FIRM_0050,2025,Retail,0.463,1,9.3,9.43
FIRM_0051,2022,Healthcare,0.424,1,10.2,6.82
FIRM_0051,2023,Energy,0.419,1,13.3,8.69
FIRM_0051,2024,Finance,0.918,0,18.2,9.25
FIRM_0051,2025,Energy,0.534,0,19.5,9.91
FIRM_0052,2022,Healthcare,0.526,1,17.1,9.51
FIRM_0052,2023,Finance,0.665,0,18.6,9.82
FIRM_0052,2024,Tech,0.634,0,23.1,11.72
FIRM_0052,2025,Manufacturing,0.578,1,19.1,7.25
FIRM_0053,2022,Finance,0.27,1,11.9,4.87
FIRM_0053,2023,Energy,0.778,1,11.1,12.35
FIRM_0053,2024,Tech,0.41,0,17.7,8.89
FIRM_0053,2025,Finance,0.657,1,6.1,10.59
FIRM_0054,2022,Retail,0.372,0,20.4,7.19
FIRM_0054,2023,Finance,0.591,0,15.4,6.78
FIRM_0054,2024,Manufacturing,0.813,1,8.1,8.43
FIRM_0054,2025,Energy,0.758,0,14.8,8.53
FIRM_0055,2022,Tech,0.104,0,6.1,7.98
FIRM_0055,2023,Retail,0.531,1,8.4,7.86
FIRM_0055,2024,Tech,0.487,0,16.2,9.42
FIRM_0055,2025,Tech,0.808,1,16.7,8.51
FIRM_0056,2022,Finance,0.292,1,14.6,6.31
FIRM_0056,2023,Finance,0.579,0,22.4,9.12
FIRM_0056,2024,Finance,0.376,0,16.9,5.06
FIRM_0056,2025,Energy,0.453,1,10.2,8.93
FIRM_0057,2022,Tech,0.444,1,13.0,7.13
FIRM_0057,2023,Manufacturing,0.247,1,18.1,7.81
FIRM_0057,2024,Energy,0.404,1,8.2,7.77
FIRM_0057,2025,Retail,0.509,1,16.7,9.59
FIRM_0058,2022,Healthcare,0.42,1,19.3,10.73
FIRM_0058,2023,Tech,0.296,0,18.2,8.62
FIRM_0058,2024,Energy,0.643,0,15.7,10.14
FIRM_0058,2025,Healthcare,0.527,1,14.9,8.08
FIRM_0059,2022,Tech,0.178,1,13.4,8.62
FIRM_0059,2023,Retail,0.727,1,13.3,6.31
FIRM_0059,2024,Finance,0.353,1,7.5,11.94
FIRM_0059,2025,Manufacturing,0.725,1,15.1,9.8
FIRM_0060,2022,Manufacturing,0.493,1,15.3,11.39
FIRM_0060,2023,Retail,0.342,1,15.8,8.46
FIRM_0060,2024,Retail,0.614,1,10.4,9.56
FIRM_0060,2025,Finance,0.649,0,19.7,6.14
FIRM_0061,2022,Energy,0.196,0,12.8,7.76
FIRM_0061,2023,Tech,0.68,1,11.9,11.77
FIRM_0061,2024,Manufacturing,0.506,1,12.4,7.74
FIRM_0061,2025,Retail,0.851,1,11.0,8.48
FIRM_0062,2022,Retail,0.361,1,11.4,8.25
FIRM_0062,2023,Energy,0.34,0,5.8,6.82
FIRM_0062,2024,Energy,0.58,1,16.3,11.04
FIRM_0062,2025,Retail,0.367,1,7.5,10.89
FIRM_0063,2022,Healthcare,0.253,1,5.0,7.73
FIRM_0063,2023,Healthcare,0.275,1,19.7,7.14
FIRM_0063,2024,Finance,0.764,0,17.2,9.15
FIRM_0063,2025,Energy,0.653,0,13.7,10.68
FIRM_0064,2022,Energy,0.421,1,19.5,7.74
FIRM_0064,2023,Finance,0.901,0,21.0,8.13
FIRM_0064,2024,Energy,0.727,0,16.9,9.63
FIRM_0064,2025,Manufacturing,0.63,0,15.7,9.91
FIRM_0065,2022,Retail,0.501,0,16.3,10.61
FIRM_0065,2023,Energy,0.654,0,25.0,8.78
FIRM_0065,2024,Energy,0.669,0,24.7,7.98
FIRM_0065,2025,Healthcare,0.347,0,14.4,7.81
FIRM_0066,2022,Retail,0.673,0,14.2,10.52
FIRM_0066,2023,Manufacturing,0.684,1,16.0,12.7
FIRM_0066,2024,Healthcare,0.811,0,20.5,7.76
FIRM_0066,2025,Healthcare,0.363,0,7.4,7.63
FIRM_0067,2022,Retail,0.556,1,7.8,7.29
FIRM_0067,2023,Retail,0.803,0,24.1,9.8
FIRM_0067,2024,Retail,0.384,1,15.4,5.02
FIRM_0067,2025,Manufacturing,0.507,1,17.5,11.83
FIRM_0068,2022,Retail,0.101,0,16.3,11.98
FIRM_0068,2023,Tech,0.379,1,10.6,10.48
FIRM_0068,2024,Energy,0.333,1,23.2,8.17
FIRM_0068,2025,Finance,0.805,1,17.0,10.28
FIRM_0069,2022,Manufacturing,0.254,1,12.4,8.53
FIRM_0069,2023,Manufacturing,0.334,0,12.6,10.52
FIRM_0069,2024,Energy,0.669,1,21.3,7.26
FIRM_0069,2025,Retail,0.605,1,7.2,7.7
FIRM_0070,2022,Tech,0.427,1,18.0,6.87
FIRM_0070,2023,Healthcare,0.276,1,12.4,7.24
FIRM_0070,2024,Energy,0.454,0,12.2,7.16
FIRM_0070,2025,Tech,0.54,0,19.2,11.6
FIRM_0071,2022,Healthcare,0.314,0,20.0,9.9
FIRM_0071,2023,Finance,0.754,1,12.7,10.81
FIRM_0071,2024,Retail,0.454,0,16.2,7.6
FIRM_0071,2025,Tech,0.704,0,16.5,8.82
FIRM_0072,2022,Finance,0.63,1,12.3,4.92
FIRM_0072,2023,Manufacturing,0.237,1,12.2,8.51
FIRM_0072,2024,Finance,0.255,1,14.1,10.56
FIRM_0072,2025,Tech,0.704,0,16.8,8.04
FIRM_0073,2022,Healthcare,0.729,0,9.4,6.02
FIRM_0073,2023,Tech,0.612,0,10.0,9.85
FIRM_0073,2024,Manufacturing,0.239,1,9.6,8.41
FIRM_0073,2025,Energy,0.707,1,17.4,6.81
FIRM_0074,2022,Manufacturing,0.435,0,18.9,6.06
FIRM_0074,2023,Finance,0.443,1,15.1,12.1
FIRM_0074,2024,Energy,0.779,1,16.0,8.08
FIRM_0074,2025,Retail,0.451,0,12.3,6.75
FIRM_0075,2022,Finance,0.183,0,5.3,8.7
FIRM_0075,2023,Energy,0.651,1,12.1,8.24
FIRM_0075,2024,Healthcare,0.143,0,13.1,7.66
FIRM_0075,2025,Healthcare,0.711,1,17.2,9.05
FIRM_0076,2022,Energy,0.414,0,16.0,8.41
FIRM_0076,2023,Healthcare,0.34,1,11.1,9.03
FIRM_0076,2024,Healthcare,0.416,1,12.7,8.86
FIRM_0076,2025,Tech,0.809,0,16.0,9.85
FIRM_0077,2022,Healthcare,0.594,1,8.3,7.61
FIRM_0077,2023,Energy,0.699,1,14.8,7.1
FIRM_0077,2024,Manufacturing,0.796,1,9.1,9.31
FIRM_0077,2025,Retail,0.483,0,15.6,7.53
FIRM_0078,2022,Tech,0.921,1,11.5,6.16
FIRM_0078,2023,Finance,0.334,0,13.3,6.94
FIRM_0078,2024,Retail,0.517,1,12.2,8.84
FIRM_0078,2025,Healthcare,0.516,0,14.1,8.0
FIRM_0079,2022,Retail,0.376,0,14.7,7.6
FIRM_0079,2023,Retail,0.616,0,14.6,8.47
FIRM_0079,2024,Manufacturing,0.784,0,12.8,7.23
FIRM_0079,2025,Retail,0.672,1,17.5,9.75
FIRM_0080,2022,Finance,0.447,1,13.8,8.57
FIRM_0080,2023,Retail,0.27,1,5.0,8.7
FIRM_0080,2024,Retail,0.894,1,16.4,9.39
FIRM_0080,2025,Energy,0.637,1,15.0,4.65
FIRM_0081,2022,Finance,0.352,1,8.8,6.55
FIRM_0081,2023,Manufacturing,0.496,0,22.0,10.24
FIRM_0081,2024,Healthcare,0.443,1,13.0,6.81
FIRM_0081,2025,Energy,0.658,1,12.8,7.88
FIRM_0082,2022,Retail,0.519,1,12.8,8.66
FIRM_0082,2023,Manufacturing,0.461,1,5.0,11.09
FIRM_0082,2024,Retail,0.681,1,5.0,5.85
FIRM_0082,2025,Manufacturing,0.645,0,17.6,6.58
FIRM_0083,2022,Finance,0.541,1,17.1,8.39
FIRM_0083,2023,Tech,0.267,1,5.6,8.55
FIRM_0083,2024,Manufacturing,0.575,0,14.0,8.07
FIRM_0083,2025,Manufacturing,0.489,1,14.5,8.23
FIRM_0084,2022,Healthcare,0.445,1,13.6,12.17
FIRM_0084,2023,Tech,0.426,1,12.5,8.43
FIRM_0084,2024,Manufacturing,0.395,1,8.6,8.66
FIRM_0084,2025,Tech,0.675,1,12.7,8.5
FIRM_0085,2022,Energy,0.409,1,11.9,8.11
FIRM_0085,2023,Manufacturing,0.821,1,15.0,7.49
FIRM_0085,2024,Tech,0.795,0,21.6,10.18
FIRM_0085,2025,Healthcare,0.598,1,14.3,9.38
FIRM_0086,2022,Energy,0.419,1,17.5,9.35
FIRM_0086,2023,Energy,0.383,1,16.6,8.33
FIRM_0086,2024,Manufacturing,0.628,1,11.2,9.08
FIRM_0086,2025,Healthcare,0.807,1,14.1,7.61
FIRM_0087,2022,Tech,0.607,1,11.4,7.67
FIRM_0087,2023,Healthcare,0.388,0,9.4,11.04
FIRM_0087,2024,Tech,0.251,1,24.9,7.54
FIRM_0087,2025,Tech,0.666,0,23.3,9.45
FIRM_0088,2022,Healthcare,0.466,0,22.3,5.58
FIRM_0088,2023,Manufacturing,0.447,1,14.0,6.26
FIRM_0088,2024,Energy,0.665,0,14.2,7.02
FIRM_0088,2025,Retail,0.482,1,14.6,9.04
FIRM_0089,2022,Healthcare,0.672,1,7.3,8.74
FIRM_0089,2023,Retail,0.38,0,10.5,6.93
FIRM_0089,2024,Finance,0.811,0,17.9,11.2
FIRM_0089,2025,Retail,0.786,1,7.0,10.18
FIRM_0090,2022,Manufacturing,0.241,1,12.9,7.2
FIRM_0090,2023,Finance,0.771,1,15.2,8.46
FIRM_0090,2024,Energy,0.857,0,19.1,8.37
FIRM_0090,2025,Retail,0.548,1,17.1,9.86
FIRM_0091,2022,Healthcare,0.089,1,12.8,5.68
FIRM_0091,2023,Retail,0.085,0,8.8,7.4
FIRM_0091,2024,Finance,0.599,0,11.6,9.84
FIRM_0091,2025,Energy,0.716,1,14.0,7.46
FIRM_0092,2022,Manufacturing,0.136,1,14.4,8.5
FIRM_0092,2023,Retail,0.236,1,18.1,8.45
FIRM_0092,2024,Retail,0.642,0,11.5,9.4
FIRM_0092,2025,Manufacturing,0.449,0,18.7,9.09
FIRM_0093,2022,Retail,0.463,0,19.1,6.85
FIRM_0093,2023,Retail,0.802,0,19.0,10.75
FIRM_0093,2024,Manufacturing,0.524,1,16.1,6.1
FIRM_0093,2025,Tech,0.601,1,14.8,10.63
FIRM_0094,2022,Healthcare,0.08,0,16.8,7.79
FIRM_0094,2023,Retail,0.426,0,5.0,8.29
FIRM_0094,2024,Tech,0.59,0,19.1,7.51
FIRM_0094,2025,Manufacturing,0.474,1,5.0,6.71
FIRM_0095,2022,Retail,0.388,1,8.5,11.6
FIRM_0095,2023,Energy,0.381,1,9.8,9.2
FIRM_0095,2024,Healthcare,0.358,0,16.8,10.09
FIRM_0095,2025,Tech,0.525,1,16.0,8.27
FIRM_0096,2022,Retail,0.263,0,16.8,9.37
FIRM_0096,2023,Finance,0.884,0,14.8,8.87
FIRM_0096,2024,Tech,0.42,0,11.3,5.92
FIRM_0096,2025,Finance,0.858,1,5.0,10.49
FIRM_0097,2022,Tech,0.213,1,9.9,5.72
FIRM_0097,2023,Manufacturing,0.431,0,17.4,8.4
FIRM_0097,2024,Healthcare,0.512,0,20.1,7.96
FIRM_0097,2025,Retail,0.67,0,12.0,7.77
FIRM_0098,2022,Finance,0.098,0,11.9,10.16
FIRM_0098,2023,Finance,0.238,1,8.4,10.52
FIRM_0098,2024,Retail,0.707,0,9.7,9.68
FIRM_0098,2025,Tech,0.138,1,8.2,9.2
FIRM_0099,2022,Energy,0.227,1,5.0,12.57
FIRM_0099,2023,Finance,0.464,1,8.4,6.57
FIRM_0099,2024,Energy,0.231,1,11.7,9.46
FIRM_0099,2025,Energy,0.198,1,19.9,8.65
FIRM_0100,2022,Healthcare,0.436,1,13.8,9.52
FIRM_0100,2023,Retail,0.62,0,16.5,10.6
FIRM_0100,2024,Tech,0.312,1,16.2,9.82
FIRM_0100,2025,Manufacturing,0.597,1,13.3,7.86
FIRM_0101,2022,Finance,0.447,1,5.0,5.39
FIRM_0101,2023,Energy,0.836,1,19.9,11.01
FIRM_0101,2024,Energy,0.828,1,8.0,9.54
FIRM_0101,2025,Manufacturing,0.781,1,16.8,8.4
FIRM_0102,2022,Manufacturing,0.779,0,17.6,5.75
FIRM_0102,2023,Healthcare,0.328,1,8.7,6.12
FIRM_0102,2024,Healthcare,0.416,0,17.7,6.25
FIRM_0102,2025,Tech,0.758,0,14.8,5.26
FIRM_0103,2022,Manufacturing,0.697,0,14.2,9.96
FIRM_0103,2023,Retail,0.628,1,8.9,7.78
FIRM_0103,2024,Manufacturing,0.209,1,10.5,10.96
FIRM_0103,2025,Retail,0.706,0,20.9,6.41
FIRM_0104,2022,Finance,0.127,1,17.5,5.83
FIRM_0104,2023,Manufacturing,0.057,1,9.5,9.47
FIRM_0104,2024,Finance,0.648,1,23.3,7.96
FIRM_0104,2025,Tech,0.673,1,16.5,7.6
FIRM_0105,2022,Manufacturing,0.449,1,18.0,5.61
FIRM_0105,2023,Finance,0.372,0,8.0,9.1
FIRM_0105,2024,Healthcare,0.898,0,20.9,6.35
FIRM_0105,2025,Manufacturing,0.511,0,10.6,7.53
FIRM_0106,2022,Energy,0.409,0,14.5,6.85
FIRM_0106,2023,Healthcare,0.156,0,16.1,6.56
FIRM_0106,2024,Healthcare,0.425,0,5.0,9.72
FIRM_0106,2025,Healthcare,0.314,1,17.2,8.21
FIRM_0107,2022,Healthcare,0.533,0,21.0,7.43
FIRM_0107,2023,Finance,0.751,1,24.4,10.64
FIRM_0107,2024,Manufacturing,0.514,1,12.1,8.71
FIRM_0107,2025,Retail,0.797,1,13.9,6.41
FIRM_0108,2022,Manufacturing,0.545,1,13.1,7.08
FIRM_0108,2023,Energy,0.808,0,20.9,8.62
FIRM_0108,2024,Healthcare,0.422,1,13.6,7.41
FIRM_0108,2025,Retail,0.687,0,18.8,9.1
FIRM_0109,2022,Retail,0.633,1,11.3,6.86
FIRM_0109,2023,Tech,0.252,1,9.9,7.74
FIRM_0109,2024,Tech,0.907,1,15.3,7.49
FIRM_0109,2025,Finance,0.669,1,14.3,8.34
FIRM_0110,2022,Healthcare,0.251,1,11.2,6.15
FIRM_0110,2023,Manufacturing,0.15,1,19.8,8.76
FIRM_0110,2024,Finance,0.515,1,7.2,11.05
FIRM_0110,2025,Tech,0.877,1,16.4,9.09
FIRM_0111,2022,Retail,0.333,0,15.9,8.3
FIRM_0111,2023,Tech,0.424,1,16.2,9.53
FIRM_0111,2024,Healthcare,0.906,0,11.0,12.35
FIRM_0111,2025,Manufacturing,0.56,1,18.9,6.02
FIRM_0112,2022,Manufacturing,0.117,0,20.0,6.02
FIRM_0112,2023,Manufacturing,0.685,1,14.2,8.5
FIRM_0112,2024,Manufacturing,0.388,0,16.3,5.32
FIRM_0112,2025,Healthcare,0.715,1,19.1,9.52
FIRM_0113,2022,Tech,0.291,1,9.0,6.25
FIRM_0113,2023,Healthcare,0.426,0,18.5,10.03
FIRM_0113,2024,Retail,0.87,1,18.8,10.86
FIRM_0113,2025,Healthcare,0.547,1,25.0,9.17
FIRM_0114,2022,Finance,0.314,1,11.7,10.33
FIRM_0114,2023,Finance,0.733,1,11.9,8.45
FIRM_0114,2024,Finance,0.588,1,16.7,8.8
FIRM_0114,2025,Energy,0.738,0,16.2,9.58
FIRM_0115,2022,Tech,0.645,1,11.2,7.92
FIRM_0115,2023,Finance,0.648,1,13.7,8.63
FIRM_0115,2024,Manufacturing,0.272,0,11.2,9.41
FIRM_0115,2025,Healthcare,0.862,1,16.0,8.56
FIRM_0116,2022,Retail,0.535,0,10.3,12.36
FIRM_0116,2023,Healthcare,0.603,1,12.6,8.38
FIRM_0116,2024,Manufacturing,0.712,1,15.0,9.88
FIRM_0116,2025,Healthcare,0.724,0,17.4,9.96
FIRM_0117,2022,Energy,0.569,1,12.6,8.33
FIRM_0117,2023,Healthcare,0.723,1,8.2,9.31
FIRM_0117,2024,Manufacturing,0.621,0,15.7,7.22
FIRM_0117,2025,Tech,0.771,1,16.3,10.01
FIRM_0118,2022,Manufacturing,0.482,0,5.0,8.5
FIRM_0118,2023,Finance,0.807,0,10.0,10.41
FIRM_0118,2024,Finance,0.948,0,10.0,9.7
FIRM_0118,2025,Finance,0.466,1,14.3,9.9
FIRM_0119,2022,Manufacturing,0.076,0,18.5,7.81
FIRM_0119,2023,Healthcare,0.804,1,19.3,8.54
FIRM_0119,2024,Tech,0.427,0,12.5,6.54
FIRM_0119,2025,Healthcare,0.824,1,11.0,8.59
FIRM_0120,2022,Retail,0.334,1,12.1,6.96
FIRM_0120,2023,Finance,0.723,1,7.3,13.5
FIRM_0120,2024,Tech,0.55,1,21.1,10.83
FIRM_0120,2025,Healthcare,0.424,1,15.5,7.91
FIRM_0121,2022,Healthcare,0.554,1,12.9,6.14
FIRM_0121,2023,Energy,0.387,1,8.1,11.85
FIRM_0121,2024,Healthcare,0.283,1,12.8,5.86
FIRM_0121,2025,Finance,0.799,1,16.4,8.42
FIRM_0122,2022,Retail,0.49,1,11.7,10.84
FIRM_0122,2023,Manufacturing,0.3,0,16.7,7.79
FIRM_0122,2024,Finance,0.731,0,14.0,5.98
FIRM_0122,2025,Finance,0.572,1,20.2,5.15
FIRM_0123,2022,Healthcare,0.389,0,6.3,9.54
FIRM_0123,2023,Retail,0.852,1,6.9,4.3
FIRM_0123,2024,Tech,0.632,1,13.9,7.88
FIRM_0123,2025,Finance,0.611,1,16.3,8.41
FIRM_0124,2022,Energy,0.245,1,8.2,8.1
FIRM_0124,2023,Finance,0.44,1,17.5,7.98
FIRM_0124,2024,Finance,0.689,0,19.9,9.27
FIRM_0124,2025,Manufacturing,0.319,1,17.5,8.84
FIRM_0125,2022,Energy,0.484,0,15.7,7.14
FIRM_0125,2023,Manufacturing,0.44,0,14.5,7.51
FIRM_0125,2024,Finance,0.61,1,11.5,10.32
FIRM_0125,2025,Retail,0.663,0,12.9,7.42
